sheet,codigo,imagen_indice_en_hoja,archivo,sha256,width,height
E1,R1,1,c581bf98df74d3f5.png,c581bf98df74d3f56597b74971f15f8c3f3a570da1365e91cc431012432bfd3f,714,615
E2,R2,1,21c41c315d525968.png,21c41c315d5259688aa06f4eca6508fac27e7c054aaf797d2040497b50bc3718,652,567
E2,R2,2,2e54e1ac757651cb.png,2e54e1ac757651cb7f86e38db15894b38a12b90e55f5ed6c5d5ccac8047faa25,111,18
E3,R3,1,2cb6aa0be23f1411.png,2cb6aa0be23f1411394ef3c06e1de12fbab62fef561d8895e690cca0c779f576,1088,591
E4,R4,1,66c39574477446d2.png,66c39574477446d23f583680502d46380bfbb980b52d2ea90699ace2d9380ca6,1052,840
E5,R5,1,82e3a02e32c8904e.png,82e3a02e32c8904ea5eaf42778165667fb110cbe8d3036a06c507eb912223002,523,484
E6,R6,1,0e5a80035394a44d.png,0e5a80035394a44df2226e058b6b52e5dee56e2437c826c28b6f5574b9a338f2,1342,705
E7,R7,1,84735c18f68ba813.png,84735c18f68ba813d34c782276547f047d0f9db382b12c3752b8ab75ad42dd72,703,621
E8,R8,1,7d00d00e1a282618.png,7d00d00e1a282618b8df1314d3bdf81bc5492d34f26d69ca6b8da4acc608b48d,560,525
E9,R9,1,c3fb2de011ef23ee.png,c3fb2de011ef23ee803f3315d42a015aae522243736cd26fd4cca56eee6a5082,828,533
E10,R10,1,15e206d81ff479e4.png,15e206d81ff479e4858a3b011bda8b29e3a0be13876fc5a17c9954fb86df3b28,665,494
E11,R11,1,20d26e848df30338.png,20d26e848df303383c5a9178e885052ec0a4f3259e3293ca43f27a5639e47b06,1052,799
E12,R12,1,6ae0274c0a32d9f5.png,6ae0274c0a32d9f56846772644dfcba94b187f26485e34045395500ddf65d6c8,960,710
E13,R13,1,de1a72ab9ee0f4cd.png,de1a72ab9ee0f4cde71345b6c288e9f59321347bd81fca70ca385b613b1d2ffa,866,699
E14,R14,1,e8a113b4965113fc.png,e8a113b4965113fc9e4b67d7170bf43ffb641a872daa2d141a32b5b0484635f6,1280,675
E15,R15,1,edfb4cbf308f5338.png,edfb4cbf308f53383669fe0a709ec7ae747a39c9ba2ac11b2adf6296b9b134a8,1300,672
E16,R16,1,3d94dfda8fa24196.png,3d94dfda8fa24196f165ace3313a02a79a161555d4c4452954d9195829cd9b79,749,698
E17,R17,1,ab425f0bc057b9e3.png,ab425f0bc057b9e394d36795ef4f9ab76338cd7c31b5d76ffc77f8cbcfb7021b,980,784
E18,R18,1,8dd1d84a03bc2e45.png,8dd1d84a03bc2e4561273f776114999074873b82d627aa09a3b8c8b56c181c03,1056,853
E19,R19,1,486d6d62031d5911.png,486d6d62031d591132a11522ef3edf41893a6f30cccb12b298251bcc0a48709a,881,745
E20,RP1,1,99850454e31dc54e.png,99850454e31dc54e47e02115910903ae582ce6e3bad38020c71c9462d9f4ff71,1225,604
E21,RP2,1,66121859800aea5b.png,66121859800aea5b806f594daac03a06d5cbc52ea77668c40c19ef1bdba0d843,1010,859
E21,RP2,2,c7a3ebdf4ae55cd4.png,c7a3ebdf4ae55cd4c58600bcda94bf870dcd0ca09fcc9353898b2af56d3572b4,15,28
E22,RP3,1,0f9792a59b43533b.png,0f9792a59b43533b5be328eef1f04e92297aeb2c5047f866f29437f22708737a,1242,621
E23,RP4,1,74f6e1772478c04a.png,74f6e1772478c04aa9fd5707974c23cfd04fa3b5205fe364cd1369fe0580841c,1054,808
E24,RP5,1,5b13b14e61d6ace2.png,5b13b14e61d6ace2a20ecc95e8aa21214243f286a2d6adc60ac610b14161d562,1153,756
E24,RP5,2,c7a3ebdf4ae55cd4.png,c7a3ebdf4ae55cd4c58600bcda94bf870dcd0ca09fcc9353898b2af56d3572b4,15,28
E25,RP6,1,26e96c0c9f2e1414.png,26e96c0c9f2e14149f0bb3124602a7f59b47855bc48ff53c7c8b32b38558175e,946,832
E26,RP7,1,b350fa368dc475ee.png,b350fa368dc475ee05ab719077204f13fad8d1af30a8447e7f39b85a831642a8,1153,848
E27,RP8,1,7e7289b92c253f79.png,7e7289b92c253f7963e70d0a1e08e4bb031f332c654d904c0803a688655611ca,765,621
E28,RP9,1,6c3942bb3e0008e9.png,6c3942bb3e0008e9169b4124519fc9ee34bdf96ee0effea919226f4b17132054,1005,728
E29,RP10,1,cf2e630e01147bb9.png,cf2e630e01147bb9e4473a7d2e621c636732ed5e08a4c17abbbefd60b8f5bb2f,1104,817
E30,RP11,1,12774feda5fa35a7.png,12774feda5fa35a74cf6d13d1730df7ed3cec18c0e5d7dbdba4acc4ea04fe77e,1346,734
E31,RP12,1,eb826def02526fea.png,eb826def02526feaac2d3b7b664442fe73eef4c4f54f6bd22a59d6da41a890ed,1224,822
E32,RP13,1,ecfa5e3e9c7fd657.png,ecfa5e3e9c7fd657f6af19d99c6bbcc8eb5df0f52febf00237ede6489239e7a1,1304,775
E33,RP14,1,1620c16a38e90988.png,1620c16a38e909889ebb85dcc3738f8af15899138cf3334abf3f5cb76944e2ac,1393,760
E33,RP14,2,2e54e1ac757651cb.png,2e54e1ac757651cb7f86e38db15894b38a12b90e55f5ed6c5d5ccac8047faa25,111,18
E33,RP14,3,c7a3ebdf4ae55cd4.png,c7a3ebdf4ae55cd4c58600bcda94bf870dcd0ca09fcc9353898b2af56d3572b4,15,28
E34,AD1,1,a56b467d30ed3e29.png,a56b467d30ed3e2982a2dacc07d02e6d4e668c1575a0fc0c53bd39c648886b42,1357,863
E35,AD2,1,74309be4803492dd.png,74309be4803492ddee90e5d12cf23afd0b0d5630d81373c1e9ad81d31c5ae5e4,1318,872
E35,AD2,2,2e54e1ac757651cb.png,2e54e1ac757651cb7f86e38db15894b38a12b90e55f5ed6c5d5ccac8047faa25,111,18
E36,AD3,1,3bc4db46e987f74e.png,3bc4db46e987f74e4f11e18cf3dec1c06f89fa7225ada0a93cd59dc78a6b615c,1328,845
E36,AD3,2,2e54e1ac757651cb.png,2e54e1ac757651cb7f86e38db15894b38a12b90e55f5ed6c5d5ccac8047faa25,111,18
E37,AD4,1,a37ff7509e03675a.png,a37ff7509e03675a7f8447f78a4ea918101b8c4bec836abf3dd85254a2c6b001,1346,875
E38,AD5,1,ee319c74e54d5e8d.png,ee319c74e54d5e8dac3258c01297b22bf12ec0696db186e7c2f49286cdcc505f,1329,851
E39,AD6,1,ee18502ab2de3755.png,ee18502ab2de3755d0bc11bfd92733a7024aee809f6073f3de96265d0e723d4e,846,540
E39,AD6,2,2e54e1ac757651cb.png,2e54e1ac757651cb7f86e38db15894b38a12b90e55f5ed6c5d5ccac8047faa25,111,18
E40,AD7,1,ffdcc1d425e73a25.png,ffdcc1d425e73a25a1b7f219be027d145fca925794f2e53845c079b1289e0188,1278,862
E40,AD7,2,2e54e1ac757651cb.png,2e54e1ac757651cb7f86e38db15894b38a12b90e55f5ed6c5d5ccac8047faa25,111,18
E41,CT1,1,a957b236239c83f9.png,a957b236239c83f9df01ad89f3de1ecf7e0fef92b06c83210bf6cda03dd88cef,1317,862
E41,CT1,2,acfce562bc0365eb.png,acfce562bc0365ebd72565b6eb2ec9053cbd6d8b4d4da696cd155f3746843c3c,146,146
E41,CT1,3,c7a3ebdf4ae55cd4.png,c7a3ebdf4ae55cd4c58600bcda94bf870dcd0ca09fcc9353898b2af56d3572b4,15,28
E41,CT1,4,673f997705722a47.png,673f997705722a478998d156580f450c14f4674299bef15e09c39e5dca404256,250,243
E42,CT2,1,4d32b2c217899bc8.png,4d32b2c217899bc8ac54684b5416b4bd401bc2be7d2fa6c0763e43249cecd959,1318,864
E42,CT2,2,db54227cc499e855.png,db54227cc499e8555b3f11fca751a97979b6756272ebdf40626636ce3a0637c0,125,144
E42,CT2,3,9f3cd87023e88af3.png,9f3cd87023e88af332601cd4f75b1576bef0e2cc443e2d530e97b46dfa3710e8,280,280
E43,CT3,1,927ecbcda370b012.png,927ecbcda370b0122a57d8601f610196a90e92559802b153639710b629562eac,1311,859
E44,CT4,1,bca3bc12c19823ac.png,bca3bc12c19823acf7497bb5a6b8e965f2a0655e2fa26b4f99631dc91933f399,1365,862
E44,CT4,2,c7a3ebdf4ae55cd4.png,c7a3ebdf4ae55cd4c58600bcda94bf870dcd0ca09fcc9353898b2af56d3572b4,15,28
E45,CT5,1,c4348383fb741496.png,c4348383fb74149608c24459930bdd0d63fc235e0da62f1a82c744f9ecf18d63,1362,872
E45,CT5,2,c7a3ebdf4ae55cd4.png,c7a3ebdf4ae55cd4c58600bcda94bf870dcd0ca09fcc9353898b2af56d3572b4,15,28
E46,CT6,1,c7a3ebdf4ae55cd4.png,c7a3ebdf4ae55cd4c58600bcda94bf870dcd0ca09fcc9353898b2af56d3572b4,15,28
E46,CT6,2,ee89125803d4eac5.png,ee89125803d4eac596ab3b0cdf7a1ac1cd0a0686716c02bb73615e7b8f69c8b3,1356,847
E47,CT7,1,c7a3ebdf4ae55cd4.png,c7a3ebdf4ae55cd4c58600bcda94bf870dcd0ca09fcc9353898b2af56d3572b4,15,28
E47,CT7,2,f7ba4ed047f23816.png,f7ba4ed047f238169cc66aa81db0ece81a2472e243724069c250916603beea82,842,643
E48,CT8,1,08fb5c1fa6880855.png,08fb5c1fa688085526fb585fce04595745ddbf881092c329e02086078c22cfb2,1296,855
E48,CT8,2,c7a3ebdf4ae55cd4.png,c7a3ebdf4ae55cd4c58600bcda94bf870dcd0ca09fcc9353898b2af56d3572b4,15,28
E49,CT9,1,8c62b19ec5964046.png,8c62b19ec5964046f4c7dd7b84154e5eb4999dba8e9decdd990018451747a213,1326,859
E50,CT10,1,a49efd6f243fcfcd.png,a49efd6f243fcfcd3dabd3a351767596a01fae900a319f1af7264675fbd11776,1271,787
E51,CT11,1,62e2ec7fbc426c17.png,62e2ec7fbc426c171dbf288d1fbe5ce61f966ba8a8df332377e936a354212186,700,734
E52,CT12,1,8831abafb430ec0c.png,8831abafb430ec0c522d46a78fb34dde070131cb4f878ee3733e8a4f3d9552cc,668,851
E52,CT12,2,673f997705722a47.png,673f997705722a478998d156580f450c14f4674299bef15e09c39e5dca404256,250,243
E53,CT13,1,02db5f770ab41dc7.png,02db5f770ab41dc72729a40a1b7aeec88f342669560b78bda9cbb811e107cd7e,1289,845
E54,CT14,1,c2196beae15f3830.png,c2196beae15f3830cb8ba7be452dfea8fb4d0f309999d018dc49e22975864379,1304,838
E55,CT15,1,9f5f7ed3c5c43829.png,9f5f7ed3c5c43829107e20063dd15dc07b730b4a096997401b9170493cfb5d7b,1345,848
E56,CT16,1,f8778b34e272d57e.jpg,f8778b34e272d57ec87d59cbd6caf287463bdcb094704a81faca103fc4e37227,12,77
E56,CT16,2,84a3c1443aca3800.png,84a3c1443aca3800c44199c3f0aec479d8f2809434e8e184a248101182afd197,1365,869
E57,CT17,1,c7a3ebdf4ae55cd4.png,c7a3ebdf4ae55cd4c58600bcda94bf870dcd0ca09fcc9353898b2af56d3572b4,15,28
E57,CT17,2,f0ea80551b056843.png,f0ea80551b056843b0cd494e23ee8108e524cb2daa48983e4251256e43c6fae8,1343,866
E58,CT18,1,65029035fce6028f.png,65029035fce6028fc5d99ea150f2a707a52b6c7632db547fad5d5a6037f97b6c,1332,854
E58,CT18,2,f8778b34e272d57e.jpg,f8778b34e272d57ec87d59cbd6caf287463bdcb094704a81faca103fc4e37227,12,77
E59,CT19,1,f8778b34e272d57e.jpg,f8778b34e272d57ec87d59cbd6caf287463bdcb094704a81faca103fc4e37227,12,77
E59,CT19,2,673f997705722a47.png,673f997705722a478998d156580f450c14f4674299bef15e09c39e5dca404256,250,243
E59,CT19,3,c7a3ebdf4ae55cd4.png,c7a3ebdf4ae55cd4c58600bcda94bf870dcd0ca09fcc9353898b2af56d3572b4,15,28
E59,CT19,4,6483e7b59a19dd5d.png,6483e7b59a19dd5d9d9e67be264f4fa1d8beb85aa8702170ddc2ec3884ab4b8b,1357,864
E60,AC1,1,5549f6dcd2f092c9.png,5549f6dcd2f092c9c7d7c0196ea47c6e65219078a788895c875b546922e3eea1,1343,868
E61,AC2,1,c113c01273fecd13.png,c113c01273fecd13789eee8b30d679deb0740533e936016bcad0d51a260848b5,1353,864
E62,AC3,1,69b0a2b44aaf1f90.png,69b0a2b44aaf1f900d3a8968670484870e838a82d8b579907024fec8cac82969,1361,876
E63,AC4,1,9cc235950e6ce514.png,9cc235950e6ce51426f34c0748a4794478acabb3ef1a2054bae1e969bdacf616,1326,865
E64,AC5,1,f86388ae98bd77ef.png,f86388ae98bd77ef9c380fe4b35c20fe2c9190fe7452c87e36ad77755dbc5046,1366,851
E65,ABP1,1,73f357e35c9ec53b.png,73f357e35c9ec53b2c1b617c020f8914a0a0e9ae7fb2c43063df640e58c40ebf,1342,864
E66,JPS,1,906f2e58c3b29582.png,906f2e58c3b29582b24d8280ef0534f228f64565f7f3fde602bc71141052552c,1385,866
E66,JPS,2,2e54e1ac757651cb.png,2e54e1ac757651cb7f86e38db15894b38a12b90e55f5ed6c5d5ccac8047faa25,111,18
E67,JPS2,1,2e54e1ac757651cb.png,2e54e1ac757651cb7f86e38db15894b38a12b90e55f5ed6c5d5ccac8047faa25,111,18
E67,JPS2,2,b5671092691b1bd9.png,b5671092691b1bd9dbe92e73ee30043bbcda85963a1b6b5b95c4148ecaa00db3,1346,858
E68,JPS3,1,c6e39ff5cccb81f8.png,c6e39ff5cccb81f842235f56d9db30e16c458f35ca3a3a6d5d4296ca7be3891a,1278,829
E69,JPS4,1,2e54e1ac757651cb.png,2e54e1ac757651cb7f86e38db15894b38a12b90e55f5ed6c5d5ccac8047faa25,111,18
E69,JPS4,2,72e4e5bf733b3823.png,72e4e5bf733b3823a8690c81be01e2803e242dcef3dc8feb01187f1b78a0e8be,1362,838
E70,JPS5,1,cd64b7ffa887a231.png,cd64b7ffa887a2312b70d2ebdc24defc584ca6f19354647b1c4a1f09e143469a,1326,847
E71,JPS6,1,2e54e1ac757651cb.png,2e54e1ac757651cb7f86e38db15894b38a12b90e55f5ed6c5d5ccac8047faa25,111,18
E71,JPS6,2,37833f2ff0c4f166.png,37833f2ff0c4f1669311ab2ae0f2ca123002c297cec8e4276c585c81df28d845,1345,842
E72,JPS7,1,41a3cd26b1150f0d.png,41a3cd26b1150f0d34a43ef0c0f810d57e12c2f17f26bcf66647a9883c2a6944,1294,846
E73,JPS8,1,42a1aa74afe5c28f.png,42a1aa74afe5c28fc9dddbfbbccc06b836eff7e3beba33701ba3ee8ca00d171f,1294,833
E74,JPS9,1,39f96dfdf2d4941c.png,39f96dfdf2d4941c14cdf77655cd004ce0204ef619ed5404ef486b5bf2666bee,1285,852
E75,JPS10,1,2ae21833aac442c4.png,2ae21833aac442c41e3f51eb09e0529767fcb2d790448099b6a722b81677c34f,1205,861
E75,JPS10,2,2e54e1ac757651cb.png,2e54e1ac757651cb7f86e38db15894b38a12b90e55f5ed6c5d5ccac8047faa25,111,18
E76,JPS11,1,53c6b0a330085159.png,53c6b0a330085159544938e652cf8c3dcbf5ad5a219879acf433deb1c9aef100,1050,863
E77,JPS12,1,28b81ac56547e5b9.png,28b81ac56547e5b9d88c38920a7d521416dd941925bae6782c35c7b127d20358,1327,851
E78,JPS78,1,4b179ffa27a3d417.png,4b179ffa27a3d4171e5d6f7171c600c8d0c44b734624edf31d7a1ce7db2d0091,1279,848
E78,JPS78,2,4b7cf0b060e3061d.jpg,4b7cf0b060e3061d2ab17083e6c7ecc516b52992fe42e50f94fbd1819191cfb6,12,77
E79,JPS13,1,d5acbc40a41caf7c.png,d5acbc40a41caf7c17d88333086cef9a6f6667648c3d03dba9239ad2618b59d3,928,774
E79,JPS13,2,4b7cf0b060e3061d.jpg,4b7cf0b060e3061d2ab17083e6c7ecc516b52992fe42e50f94fbd1819191cfb6,12,77
E80,JPS15,1,7a8a3463e0790443.png,7a8a3463e079044370752d0f9c98f56a068cbd21c6a45b020e7d6b1a11606b67,1112,716
E81,JPS16,1,2dfaac2e57e48f49.png,2dfaac2e57e48f4901bd4233340233fa97db0ea3ec9b7e6a1a78294e5b33aa22,1235,707
E82,JPC1,1,3df08ff4b1c07734.png,3df08ff4b1c077347620f1029c7f1ffab01aadc17e16c587063c4ae80a7e76d4,1319,862
E83,JPC2,1,9df523225acfbac7.png,9df523225acfbac78904064bdd80aa98ef1b5904af7899d1d4ebeb5b71ba8b4e,1317,834
E84,JPC3,1,3a5dcc56944a8e3d.png,3a5dcc56944a8e3dda6151fd69b80ea7b246936808dde93870b54a4336080524,1257,848
E85,JPC4,1,a421b3fe2f963a99.png,a421b3fe2f963a99a74619d0b11a1303798bbb1368d91c8c8548edbbd85f1eca,1309,848
E85,JPC4,2,2e54e1ac757651cb.png,2e54e1ac757651cb7f86e38db15894b38a12b90e55f5ed6c5d5ccac8047faa25,111,18
E86,JPC5,1,187224abab3af13e.png,187224abab3af13ec3b2ac907fdf5190958342c2fa86c2115d1610e583ffd636,1401,799
E87,JPC6,1,5590f1542cf1f80b.png,5590f1542cf1f80b8f6fdc22c91d708e1638cfb5bb6020b94cef7e2be11cb022,1299,855
E88,JPC7,1,6691a43fc9d17970.png,6691a43fc9d179703deca8af3b20f5bc64af595e2447ad4568612ecab6d02c89,830,542
E89,JPC8,1,97c1da49d4f759d3.png,97c1da49d4f759d3e73e57c1072e6efaff5cf2f666ed287e6656f39845f06791,1266,867
E89,JPC8,2,2e54e1ac757651cb.png,2e54e1ac757651cb7f86e38db15894b38a12b90e55f5ed6c5d5ccac8047faa25,111,18
E90,JPC9,1,47eaa30b25fd8561.png,47eaa30b25fd85613843aed50fe47e037ede80d2b4d1a98a4ecb0f30c13041f7,1294,862
E90,JPC9,2,2e54e1ac757651cb.png,2e54e1ac757651cb7f86e38db15894b38a12b90e55f5ed6c5d5ccac8047faa25,111,18
E91,JPC10,1,735ae24456da2223.png,735ae24456da22233e8200716a5adeba926a7bdcc91246f1c441d76da7bfeed0,1323,844
E91,JPC10,2,2e54e1ac757651cb.png,2e54e1ac757651cb7f86e38db15894b38a12b90e55f5ed6c5d5ccac8047faa25,111,18
E92,JPC11,1,2e54e1ac757651cb.png,2e54e1ac757651cb7f86e38db15894b38a12b90e55f5ed6c5d5ccac8047faa25,111,18
E92,JPC11,2,2e22199d245c7316.png,2e22199d245c731641f8ac3e15a017f5b4d8b48f480f200a860dcd6153856424,1293,851
E93,JPC12,1,687f9eaa8dcc0dc8.png,687f9eaa8dcc0dc8848b4a417270cb9c8e4c3658a4364e57b5fec87119960497,1231,837
E93,JPC12,2,2e54e1ac757651cb.png,2e54e1ac757651cb7f86e38db15894b38a12b90e55f5ed6c5d5ccac8047faa25,111,18
E94,JPC13,1,2e54e1ac757651cb.png,2e54e1ac757651cb7f86e38db15894b38a12b90e55f5ed6c5d5ccac8047faa25,111,18
E94,JPC13,2,724dccc6651ce57d.png,724dccc6651ce57d1adc6f8fa9c76d238696cd8ecf24bdfa1f4291e35d9cf0d7,1263,851
E95,PC1,1,2e54e1ac757651cb.png,2e54e1ac757651cb7f86e38db15894b38a12b90e55f5ed6c5d5ccac8047faa25,111,18
E95,PC1,2,99f19dad5037c1a6.png,99f19dad5037c1a69028aa8f1cbf122e0a9455810a9c3b4389611f3081136abd,1292,857
E96,PC2,1,2e54e1ac757651cb.png,2e54e1ac757651cb7f86e38db15894b38a12b90e55f5ed6c5d5ccac8047faa25,111,18
E96,PC2,2,59297b654b2407e4.png,59297b654b2407e45a252913758face561cf1e4e0cbc5071b52c4566cc03f836,1316,844
E97,PC3,1,2e54e1ac757651cb.png,2e54e1ac757651cb7f86e38db15894b38a12b90e55f5ed6c5d5ccac8047faa25,111,18
E97,PC3,2,39b05c6c057a5c04.png,39b05c6c057a5c04e7dc75ce68105d54b25180703f0f9fe727a38a34b7bb5dbf,1253,864
E98,PC4,1,2e54e1ac757651cb.png,2e54e1ac757651cb7f86e38db15894b38a12b90e55f5ed6c5d5ccac8047faa25,111,18
E98,PC4,2,0771e89e4ae87c9a.png,0771e89e4ae87c9a54d2bb65806d44db6cb29ca13468c76ec426117b5aa04113,1306,854
E99,PC5,1,2e54e1ac757651cb.png,2e54e1ac757651cb7f86e38db15894b38a12b90e55f5ed6c5d5ccac8047faa25,111,18
E99,PC5,2,e34bf9da03ccd3bd.png,e34bf9da03ccd3bdb0b2e4884ba528335eee93206a902021a14dc72ac79abdab,1282,844
E100,PC6,1,3cf839f92029c22b.png,3cf839f92029c22b91b438dabcb2c05e5f8aef22928ea420693c2fabffe07b01,1226,853
E100,PC6,2,2e54e1ac757651cb.png,2e54e1ac757651cb7f86e38db15894b38a12b90e55f5ed6c5d5ccac8047faa25,111,18
E101,ABP2,1,2e54e1ac757651cb.png,2e54e1ac757651cb7f86e38db15894b38a12b90e55f5ed6c5d5ccac8047faa25,111,18
E101,ABP2,2,0d4d9f69b46e99be.png,0d4d9f69b46e99bec8a008a14df9c97f17f2cb5ee4b9634c02e6393fbffd6caa,1362,857
E102,ABP3,1,54c00ca810a201be.png,54c00ca810a201beba7a5328da32c5c63f6557d1c26b1c0f3c7ff91fa6539f0a,1311,862
E102,ABP3,2,2e54e1ac757651cb.png,2e54e1ac757651cb7f86e38db15894b38a12b90e55f5ed6c5d5ccac8047faa25,111,18
E103,ABP4,1,0a4e60f080899986.png,0a4e60f080899986441860bc8421ea0cf654e21e9ea8ce4ebdc20c6e9f562787,1295,868
E103,ABP4,2,2e54e1ac757651cb.png,2e54e1ac757651cb7f86e38db15894b38a12b90e55f5ed6c5d5ccac8047faa25,111,18
E104,ABP5,1,2e54e1ac757651cb.png,2e54e1ac757651cb7f86e38db15894b38a12b90e55f5ed6c5d5ccac8047faa25,111,18
E104,ABP5,2,79171d8c45ba324e.png,79171d8c45ba324e0b9ebb84cd40828247b4802740fc6e7a9fc590f21801ec9f,1292,860
E105,ABP6,1,2e54e1ac757651cb.png,2e54e1ac757651cb7f86e38db15894b38a12b90e55f5ed6c5d5ccac8047faa25,111,18
E105,ABP6,2,358d9e2c38286689.png,358d9e2c38286689248db44c845acad318107cc745588e9c634d451311c41ca1,1310,863
E106,ABP7,1,2e54e1ac757651cb.png,2e54e1ac757651cb7f86e38db15894b38a12b90e55f5ed6c5d5ccac8047faa25,111,18
E106,ABP7,2,8ac2be12126410cf.png,8ac2be12126410cff49a05f3813741d5e7ccf084f6d98adc1a503e6f45f0c9b1,1309,856
E107,ABP8,1,2e54e1ac757651cb.png,2e54e1ac757651cb7f86e38db15894b38a12b90e55f5ed6c5d5ccac8047faa25,111,18
E107,ABP8,2,b80a7a2c6fe2253f.png,b80a7a2c6fe2253ff42761faa6d42bb32a2e4863f5b4784b494edc5977b10eaa,1382,860
E108,ABP9,1,2e54e1ac757651cb.png,2e54e1ac757651cb7f86e38db15894b38a12b90e55f5ed6c5d5ccac8047faa25,111,18
E108,ABP9,2,23710503ed02a600.png,23710503ed02a600def1e4ec7f9717111553f2b16142ba3722569db57ba1d4b8,1250,858
E109,J1,1,0f08a3249716ce2e.png,0f08a3249716ce2ef1b0d3a5516be614c5071d68d6248aab4d0e575e183a9980,1251,871
E110,J2,1,522ce57e4ef136da.png,522ce57e4ef136da9a049cc9a97566f32f83398e05201696c9d11b1bdcc1a49f,492,735
E111,J3,1,6b9123646b1e36b7.png,6b9123646b1e36b70067685ac7994b9e333b2a32bedca4c6b1ff1893df8139a9,1148,738
E111,J3,2,f8778b34e272d57e.jpg,f8778b34e272d57ec87d59cbd6caf287463bdcb094704a81faca103fc4e37227,12,77
E112,J4,1,8a6d06292316f020.png,8a6d06292316f02064604f9a1d36810de95b19c94f01cd5e619e3b2a465653b1,608,660
E112,J4,2,f8778b34e272d57e.jpg,f8778b34e272d57ec87d59cbd6caf287463bdcb094704a81faca103fc4e37227,12,77
E113,J5,1,b0629c20dc71e964.png,b0629c20dc71e9646f966b81f43c6c2eebb059e7af4c719ecaf0171f64235241,1166,744
E113,J5,2,f8778b34e272d57e.jpg,f8778b34e272d57ec87d59cbd6caf287463bdcb094704a81faca103fc4e37227,12,77
E114,J6,1,c4df8eb1e2094a5b.png,c4df8eb1e2094a5bb721f5ad21e362962b918a24f3d119e93967cacaeef85d7a,1201,848
E114,J6,2,c7a3ebdf4ae55cd4.png,c7a3ebdf4ae55cd4c58600bcda94bf870dcd0ca09fcc9353898b2af56d3572b4,15,28
